date,trend_bitcoin,trend_btc,trend_bitcoin_price,trend_buy_bitcoin,trend_crypto_crash
2021-11-23,23.0,6.0,6.0,0.0,0.0
2021-11-24,23.0,5.0,7.0,0.0,0.0
2021-11-25,21.0,5.0,6.0,0.0,0.0
2021-11-26,25.0,7.0,7.0,0.0,0.0
2021-11-27,21.0,5.0,6.0,0.0,0.0
2021-11-28,20.0,5.0,5.0,0.0,0.0
2021-11-29,21.0,5.0,6.0,0.0,0.0
2021-11-30,21.0,5.0,6.0,0.0,0.0
2021-12-01,20.0,5.0,5.0,0.0,0.0
2021-12-02,18.0,4.0,5.0,0.0,0.0
2021-12-03,19.0,5.0,5.0,0.0,0.0
2021-12-04,43.0,12.0,13.0,1.0,1.0
2021-12-05,31.0,8.0,11.0,0.0,0.0
2021-12-06,28.0,7.0,9.0,0.0,0.0
2021-12-07,25.0,6.0,7.0,0.0,0.0
2021-12-08,23.0,6.0,7.0,0.0,0.0
2021-12-09,22.0,6.0,6.0,0.0,0.0
2021-12-10,22.0,6.0,6.0,0.0,0.0
2021-12-11,20.0,5.0,5.0,0.0,0.0
2021-12-12,19.0,5.0,5.0,0.0,0.0
2021-12-13,23.0,6.0,7.0,0.0,0.0
2021-12-14,24.0,6.0,7.0,0.0,0.0
2021-12-15,23.0,6.0,6.0,0.0,0.0
2021-12-16,21.0,5.0,6.0,0.0,0.0
2021-12-17,20.0,5.0,6.0,0.0,0.0
2021-12-18,18.0,5.0,5.0,0.0,0.0
2021-12-19,18.0,5.0,5.0,0.0,0.0
2021-12-20,20.0,5.0,6.0,0.0,0.0
2021-12-21,20.0,6.0,6.0,0.0,0.0
2021-12-22,19.0,5.0,5.0,0.0,0.0
2021-12-23,20.0,5.0,5.0,0.0,0.0
2021-12-24,20.0,6.0,5.0,0.0,0.0
2021-12-25,19.0,5.0,5.0,0.0,0.0
2021-12-26,18.0,5.0,5.0,0.0,0.0
2021-12-27,19.0,5.0,5.0,0.0,0.0
2021-12-28,20.0,6.0,6.0,0.0,0.0
2021-12-29,20.0,5.0,6.0,0.0,0.0
2021-12-30,19.0,5.0,6.0,0.0,0.0
2021-12-31,19.0,5.0,5.0,0.0,0.0
2022-01-01,19.0,6.0,5.0,0.0,0.0
2022-01-02,21.0,5.0,4.0,0.0,0.0
2022-01-03,20.0,5.0,5.0,0.0,0.0
2022-01-04,46.0,14.0,12.0,1.0,0.0
2022-01-05,17.0,5.0,4.0,0.0,0.0
2022-01-06,26.0,7.0,7.0,0.0,0.0
2022-01-07,32.0,9.0,9.0,0.0,0.0
2022-01-08,29.0,8.0,7.0,0.0,0.0
2022-01-09,25.0,7.0,7.0,0.0,0.0
2022-01-10,27.0,8.0,8.0,0.0,0.0
2022-01-11,25.0,7.0,7.0,0.0,0.0
2022-01-12,23.0,7.0,6.0,0.0,0.0
2022-01-13,45.0,12.0,11.0,1.0,0.0
2022-01-14,17.0,5.0,4.0,0.0,0.0
2022-01-15,18.0,5.0,4.0,0.0,0.0
2022-01-16,33.0,10.0,8.0,1.0,0.0
2022-01-17,17.0,5.0,4.0,0.0,0.0
2022-01-18,18.0,5.0,5.0,0.0,0.0
2022-01-19,18.0,5.0,4.0,0.0,0.0
2022-01-20,18.0,5.0,5.0,0.0,0.0
2022-01-21,37.0,11.0,11.0,0.0,1.0
2022-01-22,50.0,14.0,16.0,1.0,1.0
2022-01-23,35.0,11.0,11.0,1.0,0.0
2022-01-24,100.0,29.0,31.0,1.0,1.0
2022-01-25,30.0,8.0,9.0,0.0,0.0
2022-01-26,29.0,8.0,9.0,0.0,0.0
2022-01-27,25.0,7.0,8.0,0.0,0.0
2022-01-28,26.0,7.0,8.0,0.0,0.0
2022-01-29,24.0,7.0,7.0,0.0,0.0
2022-01-30,22.0,6.0,6.0,0.0,0.0
2022-01-31,24.0,7.0,7.0,0.0,0.0
2022-02-01,25.0,6.0,7.0,0.0,0.0
2022-02-02,23.0,6.0,7.0,0.0,0.0
2022-02-03,23.0,6.0,6.0,0.0,0.0
2022-02-04,24.0,7.0,6.0,0.0,0.0
2022-02-05,25.0,7.0,7.0,0.0,0.0
2022-02-06,21.0,6.0,5.0,0.0,0.0
2022-02-07,27.0,8.0,8.0,0.0,0.0
2022-02-08,25.0,7.0,6.0,0.0,0.0
2022-02-09,24.0,6.0,6.0,0.0,0.0
2022-02-10,18.0,6.0,5.0,0.0,0.0
2022-02-11,21.0,6.0,6.0,0.0,0.0
2022-02-12,19.0,6.0,5.0,0.0,0.0
2022-02-13,18.0,5.0,4.0,0.0,0.0
2022-02-14,20.0,6.0,5.0,0.0,0.0
2022-02-15,20.0,6.0,5.0,0.0,0.0
2022-02-16,18.0,5.0,5.0,0.0,0.0
2022-02-17,20.0,6.0,5.0,0.0,0.0
2022-02-18,20.0,6.0,5.0,0.0,0.0
2022-02-19,18.0,5.0,5.0,0.0,0.0
2022-02-20,20.0,6.0,5.0,0.0,0.0
2022-02-21,22.0,7.0,5.0,0.0,0.0
2022-02-22,24.0,7.0,7.0,0.0,0.0
2022-02-23,20.0,6.0,6.0,0.0,0.0
2022-02-24,40.0,11.0,11.0,0.0,0.0
2022-02-25,28.0,7.0,8.0,0.0,0.0
2022-02-26,21.0,6.0,5.0,0.0,0.0
2022-02-27,21.0,6.0,5.0,0.0,0.0
2022-02-28,26.0,8.0,7.0,0.0,0.0
2022-03-01,27.0,9.0,7.0,0.0,0.0
2022-03-02,25.0,7.0,6.0,0.0,0.0
2022-03-03,22.0,6.0,5.0,0.0,0.0
2022-03-04,21.0,7.0,5.0,0.0,0.0
2022-03-05,19.0,6.0,5.0,0.0,0.0
2022-03-06,18.0,5.0,4.0,0.0,0.0
2022-03-07,21.0,6.0,6.0,0.0,0.0
2022-03-08,19.0,5.0,6.0,0.0,0.0
2022-03-09,23.0,7.0,6.0,0.0,0.0
2022-03-10,20.0,6.0,5.0,0.0,0.0
2022-03-11,19.0,5.0,5.0,0.0,0.0
2022-03-12,17.0,5.0,4.0,0.0,0.0
2022-03-13,16.0,5.0,4.0,0.0,0.0
2022-03-14,18.0,5.0,5.0,0.0,0.0
2022-03-15,17.0,5.0,4.0,0.0,0.0
2022-03-16,18.0,6.0,4.0,0.0,0.0
2022-03-17,17.0,5.0,4.0,0.0,0.0
2022-03-18,17.0,5.0,4.0,0.0,0.0
2022-03-19,15.0,5.0,4.0,0.0,0.0
2022-03-20,15.0,4.0,3.0,0.0,0.0
2022-03-21,16.0,5.0,4.0,0.0,0.0
2022-03-22,18.0,6.0,4.0,0.0,0.0
2022-03-23,16.0,5.0,4.0,0.0,0.0
2022-03-24,18.0,6.0,4.0,0.0,0.0
2022-03-25,18.0,6.0,4.0,0.0,0.0
2022-03-26,15.0,5.0,4.0,0.0,0.0
2022-03-27,17.0,5.0,4.0,0.0,0.0
2022-03-28,21.0,7.0,5.0,0.0,0.0
2022-03-29,20.0,6.0,5.0,0.0,0.0
2022-03-30,18.0,6.0,4.0,0.0,0.0
2022-03-31,18.0,5.0,4.0,0.0,0.0
2022-04-01,17.0,5.0,4.0,0.0,0.0
2022-04-02,15.0,5.0,4.0,0.0,0.0
2022-04-03,16.0,4.0,3.0,0.0,0.0
2022-04-04,16.0,5.0,4.0,0.0,0.0
2022-04-05,15.0,4.0,3.0,0.0,0.0
2022-04-06,17.0,5.0,4.0,0.0,0.0
2022-04-07,16.0,5.0,4.0,0.0,0.0
2022-04-08,15.0,5.0,3.0,0.0,0.0
2022-04-09,14.0,4.0,3.0,0.0,0.0
2022-04-10,14.0,4.0,3.0,0.0,0.0
2022-04-11,19.0,6.0,4.0,0.0,0.0
2022-04-12,17.0,6.0,4.0,0.0,0.0
2022-04-13,16.0,5.0,4.0,0.0,0.0
2022-04-14,15.0,5.0,4.0,0.0,0.0
2022-04-15,15.0,4.0,3.0,0.0,0.0
2022-04-16,13.0,4.0,3.0,0.0,0.0
2022-04-17,13.0,4.0,3.0,0.0,0.0
2022-04-18,15.0,5.0,4.0,0.0,0.0
2022-04-19,15.0,4.0,3.0,0.0,0.0
2022-04-20,14.0,4.0,3.0,0.0,0.0
2022-04-21,14.0,5.0,3.0,0.0,0.0
2022-04-22,14.0,5.0,3.0,0.0,0.0
2022-04-23,13.0,4.0,3.0,0.0,0.0
2022-04-24,12.0,4.0,3.0,0.0,0.0
2022-04-25,16.0,5.0,4.0,0.0,0.0
2022-04-26,15.0,5.0,4.0,0.0,0.0
2022-04-27,14.0,5.0,4.0,0.0,0.0
2022-04-28,15.0,4.0,3.0,0.0,0.0
2022-04-29,14.0,5.0,3.0,0.0,0.0
2022-04-30,13.0,5.0,3.0,0.0,0.0
2022-05-01,14.0,5.0,3.0,0.0,0.0
2022-05-02,14.0,4.0,3.0,0.0,0.0
2022-05-03,14.0,4.0,3.0,0.0,0.0
2022-05-04,13.0,5.0,3.0,0.0,0.0
2022-05-05,17.0,6.0,4.0,0.0,0.0
2022-05-06,18.0,6.0,5.0,0.0,0.0
2022-05-07,14.0,5.0,4.0,0.0,0.0
2022-05-08,17.0,7.0,4.0,0.0,0.0
2022-05-09,31.0,11.0,9.0,0.0,0.0
2022-05-10,31.0,10.0,9.0,0.0,0.0
2022-05-11,35.0,13.0,11.0,0.0,1.0
2022-05-12,52.0,16.0,16.0,1.0,2.0
2022-05-13,41.0,11.0,12.0,0.0,1.0
2022-05-14,30.0,8.0,8.0,0.0,1.0
2022-05-15,25.0,7.0,7.0,0.0,0.0
2022-05-16,25.0,7.0,8.0,0.0,0.0
2022-05-17,24.0,7.0,6.0,0.0,0.0
2022-05-18,23.0,7.0,7.0,0.0,0.0
2022-05-19,23.0,6.0,7.0,0.0,0.0
2022-05-20,21.0,6.0,6.0,0.0,0.0
2022-05-21,18.0,5.0,5.0,0.0,0.0
2022-05-22,18.0,5.0,5.0,0.0,0.0
2022-05-23,19.0,5.0,5.0,0.0,0.0
2022-05-24,19.0,6.0,5.0,0.0,0.0
2022-05-25,18.0,5.0,5.0,0.0,0.0
2022-05-26,18.0,6.0,5.0,0.0,0.0
2022-05-27,18.0,6.0,5.0,0.0,0.0
2022-05-28,16.0,5.0,4.0,0.0,0.0
2022-05-29,14.0,5.0,4.0,0.0,0.0
2022-05-30,18.0,6.0,5.0,0.0,0.0
2022-05-31,18.0,6.0,5.0,0.0,0.0
2022-06-01,16.0,5.0,4.0,0.0,0.0
2022-06-02,16.0,5.0,4.0,0.0,0.0
2022-06-03,16.0,5.0,4.0,0.0,0.0
2022-06-04,13.0,4.0,4.0,0.0,0.0
2022-06-05,14.0,4.0,4.0,0.0,0.0
2022-06-06,16.0,5.0,5.0,0.0,0.0
2022-06-07,17.0,5.0,5.0,0.0,0.0
2022-06-08,15.0,5.0,4.0,0.0,0.0
2022-06-09,15.0,5.0,4.0,0.0,0.0
2022-06-10,15.0,5.0,4.0,0.0,0.0
2022-06-11,14.0,5.0,5.0,0.0,0.0
2022-06-12,20.0,6.0,6.0,0.0,0.0
2022-06-13,55.0,16.0,17.0,0.0,1.0
2022-06-14,49.0,14.0,17.0,0.0,0.0
2022-06-15,46.0,14.0,16.0,0.0,0.0
2022-06-16,39.0,11.0,13.0,0.0,0.0
2022-06-17,34.0,9.0,12.0,0.0,0.0
2022-06-18,48.0,16.0,17.0,0.0,0.0
2022-06-19,49.0,15.0,16.0,0.0,0.0
2022-06-20,39.0,11.0,14.0,0.0,0.0
2022-06-21,31.0,10.0,10.0,0.0,0.0
2022-06-22,31.0,8.0,10.0,0.0,0.0
2022-06-23,26.0,7.0,8.0,0.0,0.0
2022-06-24,25.0,7.0,7.0,0.0,0.0
2022-06-25,21.0,6.0,6.0,0.0,0.0
2022-06-26,20.0,6.0,6.0,0.0,0.0
2022-06-27,23.0,7.0,7.0,0.0,0.0
2022-06-28,21.0,6.0,7.0,0.0,0.0
2022-06-29,21.0,7.0,7.0,0.0,0.0
2022-06-30,27.0,8.0,9.0,0.0,0.0
2022-07-01,25.0,7.0,8.0,0.0,0.0
2022-07-02,22.0,6.0,7.0,0.0,0.0
2022-07-03,21.0,6.0,6.0,0.0,0.0
2022-07-04,21.0,6.0,6.0,0.0,0.0
2022-07-05,23.0,6.0,7.0,0.0,0.0
2022-07-06,21.0,6.0,7.0,0.0,0.0
2022-07-07,20.0,6.0,6.0,0.0,0.0
2022-07-08,20.0,6.0,6.0,0.0,0.0
2022-07-09,16.0,5.0,5.0,0.0,0.0
2022-07-10,17.0,5.0,5.0,0.0,0.0
2022-07-11,19.0,5.0,6.0,0.0,0.0
2022-07-12,19.0,6.0,6.0,0.0,0.0
2022-07-13,19.0,6.0,6.0,0.0,0.0
2022-07-14,19.0,6.0,6.0,0.0,0.0
2022-07-15,17.0,5.0,5.0,0.0,0.0
2022-07-16,16.0,5.0,5.0,0.0,0.0
2022-07-17,16.0,5.0,4.0,0.0,0.0
2022-07-18,20.0,6.0,6.0,0.0,0.0
2022-07-19,20.0,6.0,6.0,0.0,0.0
2022-07-20,21.0,7.0,6.0,0.0,0.0
2022-07-21,23.0,7.0,7.0,0.0,0.0
2022-07-22,19.0,5.0,5.0,0.0,0.0
2022-07-23,16.0,5.0,4.0,0.0,0.0
2022-07-24,14.0,4.0,4.0,0.0,0.0
2022-07-25,17.0,5.0,5.0,0.0,0.0
2022-07-26,18.0,5.0,5.0,0.0,0.0
2022-07-27,17.0,5.0,5.0,0.0,0.0
2022-07-28,18.0,6.0,5.0,0.0,0.0
2022-07-29,16.0,5.0,5.0,0.0,0.0
2022-07-30,15.0,5.0,4.0,0.0,0.0
2022-07-31,14.0,4.0,4.0,0.0,0.0
2022-08-01,15.73,5.14,4.23,0.3,0.0
2022-08-02,15.12,4.84,4.54,0.3,0.0
2022-08-03,15.73,4.84,4.23,0.3,0.0
2022-08-04,15.12,4.54,4.23,0.3,0.0
2022-08-05,14.21,4.54,3.93,0.3,0.0
2022-08-06,12.7,3.93,3.33,0.3,0.0
2022-08-07,11.79,3.93,3.02,0.3,0.0
2022-08-08,14.82,4.84,3.93,0.3,0.0
2022-08-09,14.52,4.54,4.23,0.3,0.0
2022-08-10,15.73,4.54,4.23,0.3,0.0
2022-08-11,15.12,5.14,4.23,0.3,0.0
2022-08-12,13.91,4.84,3.93,0.3,0.0
2022-08-13,12.7,4.54,3.33,0.3,0.0
2022-08-14,13.31,4.54,3.63,0.3,0.0
2022-08-15,14.21,4.54,3.93,0.3,0.0
2022-08-16,13.31,4.54,3.63,0.3,0.0
2022-08-17,13.61,4.54,3.63,0.3,0.0
2022-08-18,12.1,3.93,3.33,0.3,0.0
2022-08-19,17.24,5.75,4.54,0.3,0.0
2022-08-20,13.91,4.54,3.93,0.3,0.0
2022-08-21,13.0,4.23,3.63,0.3,0.0
2022-08-22,14.52,4.54,3.93,0.3,0.0
2022-08-23,13.61,4.23,3.63,0.3,0.0
2022-08-24,12.4,3.93,3.33,0.3,0.0
2022-08-25,12.7,3.63,3.33,0.3,0.0
2022-08-26,13.31,3.93,3.63,0.3,0.0
2022-08-27,13.31,4.54,3.63,0.3,0.0
2022-08-28,13.0,4.23,3.63,0.3,0.0
2022-08-29,15.12,4.84,4.54,0.3,0.0
2022-08-30,15.12,4.54,3.93,0.3,0.0
2022-08-31,13.61,4.23,3.63,0.3,0.0
2022-09-01,13.91,4.23,3.63,0.3,0.0
2022-09-02,13.31,3.93,3.33,0.3,0.0
2022-09-03,11.19,3.63,3.02,0.3,0.0
2022-09-04,11.19,3.63,3.02,0.3,0.0
2022-09-05,12.4,3.93,3.33,0.3,0.0
2022-09-06,13.31,4.84,3.93,0.3,0.0
2022-09-07,15.12,4.84,4.23,0.3,0.0
2022-09-08,13.0,4.23,3.63,0.3,0.0
2022-09-09,14.82,4.84,3.93,0.3,0.0
2022-09-10,12.4,3.93,3.33,0.3,0.0
2022-09-11,11.79,3.93,3.02,0.3,0.0
2022-09-12,13.31,4.54,3.63,0.3,0.0
2022-09-13,14.21,5.14,4.23,0.3,0.0
2022-09-14,14.21,4.54,4.23,0.3,0.0
2022-09-15,13.91,4.54,3.93,0.3,0.0
2022-09-16,13.91,4.23,3.93,0.3,0.0
2022-09-17,11.49,3.63,3.33,0.3,0.0
2022-09-18,11.49,3.63,3.33,0.3,0.0
2022-09-19,16.33,5.44,4.54,0.3,0.0
2022-09-20,14.82,4.54,4.23,0.3,0.0
2022-09-21,15.12,4.54,4.23,0.3,0.0
2022-09-22,13.91,4.54,4.54,0.3,0.0
2022-09-23,14.21,4.23,4.23,0.3,0.0
2022-09-24,12.4,3.93,3.33,0.3,0.0
2022-09-25,11.19,3.63,3.33,0.3,0.0
2022-09-26,13.91,4.23,3.93,0.3,0.0
2022-09-27,14.52,4.54,3.93,0.3,0.0
2022-09-28,13.0,4.23,3.93,0.3,0.0
2022-09-29,12.7,3.93,3.63,0.3,0.0
2022-09-30,12.1,3.93,3.33,0.3,0.0
2022-10-01,10.59,3.33,2.72,0.3,0.0
2022-10-02,10.28,3.02,2.72,0.3,0.0
2022-10-03,12.1,3.63,3.33,0.3,0.0
2022-10-04,11.79,3.93,3.33,0.3,0.0
2022-10-05,11.79,3.63,3.02,0.3,0.0
2022-10-06,11.49,3.33,3.02,0.3,0.0
2022-10-07,11.79,3.63,3.33,0.3,0.0
2022-10-08,9.98,3.02,2.42,0.3,0.0
2022-10-09,9.98,3.02,2.42,0.3,0.0
2022-10-10,11.49,3.33,3.02,0.3,0.0
2022-10-11,11.19,3.63,3.02,0.3,0.0
2022-10-12,10.89,3.63,3.02,0.3,0.0
2022-10-13,12.1,4.23,3.33,0.3,0.0
2022-10-14,11.49,3.63,3.02,0.3,0.0
2022-10-15,9.68,3.33,2.12,0.3,0.0
2022-10-16,9.38,3.02,2.12,0.3,0.0
2022-10-17,10.59,3.33,2.72,0.3,0.0
2022-10-18,11.19,3.33,2.72,0.3,0.0
2022-10-19,10.89,3.02,2.72,0.3,0.0
2022-10-20,10.59,3.33,2.72,0.3,0.0
2022-10-21,10.59,3.63,2.72,0.3,0.0
2022-10-22,8.77,2.72,1.81,0.3,0.0
2022-10-23,9.07,3.02,2.12,0.3,0.0
2022-10-24,10.59,3.33,2.72,0.3,0.0
2022-10-25,11.19,3.63,2.72,0.3,0.0
2022-10-26,12.1,4.23,3.02,0.3,0.0
2022-10-27,11.49,3.93,2.72,0.3,0.0
2022-10-28,10.89,3.63,3.02,0.3,0.0
2022-10-29,10.89,3.63,2.42,0.3,0.0
2022-10-30,9.98,3.02,2.42,0.3,0.0
2022-10-31,11.19,3.63,2.72,0.3,0.0
2022-11-01,10.28,3.33,2.72,0.3,0.0
2022-11-02,10.89,3.63,2.72,0.3,0.0
2022-11-03,10.59,3.33,2.72,0.3,0.0
2022-11-04,11.19,3.63,2.72,0.3,0.0
2022-11-05,9.98,3.63,2.42,0.3,0.0
2022-11-06,9.68,3.02,2.12,0.3,0.0
2022-11-07,10.89,3.63,2.72,0.3,0.0
2022-11-08,16.63,6.35,4.54,0.3,0.3
2022-11-09,28.73,10.28,8.17,0.3,0.3
2022-11-10,30.24,10.28,9.38,0.3,0.3
2022-11-11,25.71,7.26,7.86,0.3,0.3
2022-11-12,23.29,6.65,7.26,0.3,0.3
2022-11-13,21.47,6.35,6.35,0.3,0.3
2022-11-14,24.19,7.26,7.56,0.3,0.3
2022-11-15,19.36,5.75,6.05,0.3,0.3
2022-11-16,19.36,5.44,5.75,0.3,0.0
2022-11-17,17.84,4.84,5.44,0.3,0.0
2022-11-18,16.33,4.54,4.84,0.3,0.0
2022-11-19,14.52,3.93,3.93,0.3,0.0
2022-11-20,13.31,3.93,3.63,0.3,0.0
2022-11-21,17.54,5.44,5.44,0.3,0.0
2022-11-22,16.94,5.14,5.14,0.3,0.0
2022-11-23,15.12,4.23,4.54,0.3,0.0
2022-11-24,13.31,3.93,3.63,0.3,0.0
2022-11-25,12.1,3.63,3.63,0.3,0.0
2022-11-26,11.49,3.33,3.02,0.3,0.0
2022-11-27,11.19,3.33,3.02,0.3,0.0
2022-11-28,13.61,4.23,4.23,0.3,0.0
2022-11-29,13.31,3.93,3.93,0.3,0.0
2022-11-30,13.31,3.93,3.63,0.3,0.0
2022-12-01,13.0,3.93,3.63,0.3,0.0
2022-12-02,11.49,3.63,3.33,0.3,0.0
2022-12-03,10.59,3.33,2.72,0.3,0.0
2022-12-04,10.59,3.33,3.02,0.3,0.0
2022-12-05,12.4,3.93,3.33,0.3,0.0
2022-12-06,11.79,3.63,3.33,0.3,0.0
2022-12-07,12.4,3.33,3.33,0.3,0.0
2022-12-08,12.4,3.63,3.33,0.3,0.0
2022-12-09,10.89,3.33,3.02,0.3,0.0
2022-12-10,9.38,3.02,2.12,0.3,0.0
2022-12-11,10.59,3.02,2.72,0.3,0.0
2022-12-12,11.19,3.33,3.02,0.3,0.0
2022-12-13,13.61,4.23,3.63,0.3,0.0
2022-12-14,12.7,4.23,3.93,0.3,0.0
2022-12-15,12.4,3.93,3.63,0.3,0.0
2022-12-16,12.4,4.23,3.63,0.3,0.0
2022-12-17,11.19,3.63,3.02,0.3,0.0
2022-12-18,10.28,3.02,2.42,0.3,0.0
2022-12-19,11.49,3.63,3.33,0.3,0.0
2022-12-20,11.19,3.63,3.33,0.3,0.0
2022-12-21,11.79,3.63,3.02,0.3,0.0
2022-12-22,11.49,3.33,3.02,0.3,0.0
2022-12-23,11.19,3.33,2.72,0.3,0.0
2022-12-24,9.98,3.02,2.42,0.3,0.0
2022-12-25,9.98,3.02,2.42,0.3,0.0
2022-12-26,10.89,3.02,2.42,0.3,0.0
2022-12-27,11.49,3.33,3.02,0.3,0.0
2022-12-28,11.19,3.33,3.02,0.3,0.0
2022-12-29,10.59,3.63,3.02,0.3,0.0
2022-12-30,10.59,3.02,3.02,0.3,0.0
2022-12-31,9.98,2.72,2.42,0.3,0.0
2023-01-01,10.59,3.02,2.42,0.3,0.0
2023-01-02,11.79,3.33,2.72,0.3,0.0
2023-01-03,11.19,3.33,3.02,0.3,0.0
2023-01-04,11.49,3.33,2.72,0.3,0.0
2023-01-05,11.19,3.02,2.72,0.3,0.0
2023-01-06,10.89,3.02,2.72,0.3,0.0
2023-01-07,9.68,3.02,2.12,0.3,0.0
2023-01-08,9.38,3.02,2.12,0.3,0.0
2023-01-09,11.19,3.93,2.72,0.3,0.0
2023-01-10,11.19,3.33,2.72,0.3,0.0
2023-01-11,12.4,3.63,2.72,0.3,0.0
2023-01-12,13.31,5.14,3.33,0.3,0.0
2023-01-13,14.21,4.84,3.63,0.3,0.0
2023-01-14,18.75,6.96,4.23,0.3,0.0
2023-01-15,13.91,5.14,3.63,0.3,0.0
2023-01-16,15.42,5.75,4.23,0.3,0.0
2023-01-17,14.82,4.84,4.23,0.3,0.0
2023-01-18,13.61,5.14,3.93,0.3,0.0
2023-01-19,13.0,4.54,3.63,0.3,0.0
2023-01-20,13.91,4.84,3.63,0.3,0.0
2023-01-21,16.03,6.05,3.93,0.3,0.0
2023-01-22,14.21,4.84,3.93,0.3,0.0
2023-01-23,14.82,4.84,3.93,0.3,0.0
2023-01-24,13.91,4.84,3.93,0.3,0.0
2023-01-25,13.61,4.54,3.33,0.3,0.0
2023-01-26,13.61,4.54,3.63,0.3,0.0
2023-01-27,12.7,4.23,3.33,0.3,0.0
2023-01-28,11.49,3.93,2.72,0.3,0.0
2023-01-29,13.31,4.23,3.33,0.3,0.0
2023-01-30,13.31,4.84,3.63,0.3,0.0
2023-01-31,13.0,4.23,3.33,0.3,0.0
2023-02-01,13.31,4.54,3.33,0.3,0.0
2023-02-02,15.12,5.14,3.93,0.3,0.0
2023-02-03,13.0,4.54,3.63,0.3,0.0
2023-02-04,11.49,3.93,2.72,0.3,0.0
2023-02-05,11.49,3.93,3.02,0.3,0.0
2023-02-06,11.79,3.93,3.02,0.0,0.0
2023-02-07,11.49,3.93,3.02,0.0,0.0
2023-02-08,11.49,3.63,3.02,0.3,0.0
2023-02-09,11.79,4.23,3.02,0.3,0.0
2023-02-10,12.1,4.23,3.02,0.3,0.0
2023-02-11,10.28,3.33,2.42,0.3,0.0
2023-02-12,10.28,3.33,2.12,0.3,0.0
2023-02-13,11.19,3.93,2.72,0.0,0.0
2023-02-14,10.89,3.63,2.72,0.0,0.0
2023-02-15,12.4,4.23,3.02,0.3,0.0
2023-02-16,15.42,5.75,4.23,0.3,0.0
2023-02-17,13.0,4.54,3.63,0.0,0.0
2023-02-18,11.79,3.93,3.02,0.3,0.0
2023-02-19,11.19,3.93,3.02,0.0,0.0
2023-02-20,12.4,4.23,3.33,0.0,0.0
2023-02-21,12.4,4.23,3.63,0.3,0.0
2023-02-22,12.1,3.93,3.02,0.0,0.0
2023-02-23,11.79,4.23,3.02,0.3,0.0
2023-02-24,11.49,3.93,3.02,0.3,0.0
2023-02-25,10.59,3.33,2.42,0.0,0.0
2023-02-26,9.98,3.63,2.42,0.3,0.0
2023-02-27,10.89,3.63,2.72,0.3,0.0
2023-02-28,11.19,3.33,2.72,0.3,0.0
2023-03-01,10.28,3.33,2.72,0.0,0.0
2023-03-02,10.89,3.63,2.42,0.0,0.0
2023-03-03,12.1,4.23,3.02,0.0,0.0
2023-03-04,10.59,3.63,2.42,0.3,0.0
2023-03-05,9.68,3.02,2.12,0.0,0.0
2023-03-06,9.98,3.33,2.42,0.0,0.0
2023-03-07,10.28,3.33,2.42,0.0,0.0
2023-03-08,10.89,3.33,2.42,0.0,0.0
2023-03-09,12.4,3.93,3.02,0.0,0.0
2023-03-10,15.73,5.44,4.23,0.3,0.0
2023-03-11,12.4,4.54,3.63,0.3,0.0
2023-03-12,12.4,4.23,3.63,0.3,0.0
2023-03-13,18.75,6.65,5.44,0.3,0.0
2023-03-14,19.66,7.56,5.75,0.3,0.0
2023-03-15,16.33,5.75,4.54,0.3,0.0
2023-03-16,14.21,4.84,3.93,0.3,0.0
2023-03-17,16.63,6.65,4.54,0.3,0.0
2023-03-18,16.33,6.35,4.54,0.3,0.0
2023-03-19,16.94,6.35,4.84,0.3,0.0
2023-03-20,19.96,6.96,6.05,0.3,0.0
2023-03-21,17.54,6.35,5.14,0.3,0.0
2023-03-22,16.94,6.35,5.14,0.3,0.0
2023-03-23,16.94,6.05,4.84,0.3,0.0
2023-03-24,16.03,5.75,4.54,0.3,0.0
2023-03-25,13.61,4.54,3.63,0.3,0.0
2023-03-26,13.31,4.54,3.63,0.3,0.0
2023-03-27,14.82,5.14,4.23,0.3,0.0
2023-03-28,14.21,4.84,3.93,0.3,0.0
2023-03-29,14.52,5.14,3.93,0.3,0.0
2023-03-30,14.52,5.44,3.93,0.3,0.0
2023-03-31,14.21,4.84,3.93,0.3,0.0
2023-11-29,8.17,3.02,2.12,0.0,0.0
2023-11-30,7.86,2.72,2.12,0.0,0.0
2023-12-01,8.77,3.33,2.42,0.0,0.0
2023-12-02,8.77,3.33,2.12,0.0,0.0
2023-12-03,9.38,3.63,2.42,0.0,0.0
2023-12-04,16.03,6.35,4.54,0.3,0.0
2023-12-05,15.42,5.75,4.23,0.3,0.0
2023-12-06,14.21,5.75,3.93,0.3,0.0
2023-12-07,12.1,4.54,3.33,0.0,0.0
2023-12-08,11.79,4.23,3.33,0.0,0.0
2023-12-09,10.89,3.63,2.72,0.0,0.0
2023-12-10,9.98,3.02,2.42,0.0,0.0
2023-12-11,11.79,4.54,3.33,0.0,0.0
2023-12-12,9.98,3.93,3.02,0.0,0.0
2023-12-13,9.98,3.63,2.72,0.0,0.0
2023-12-14,10.28,3.63,2.72,0.0,0.0
2023-12-15,9.68,3.33,2.42,0.0,0.0
2023-12-16,9.68,3.02,2.12,0.0,0.0
2023-12-17,8.47,3.02,2.12,0.0,0.0
2023-12-18,9.38,3.63,2.42,0.0,0.0
2023-12-19,9.98,3.63,2.72,0.0,0.0
2023-12-20,9.98,3.63,2.72,0.0,0.0
2023-12-21,10.28,3.63,2.72,0.0,0.0
2023-12-22,9.98,3.63,2.72,0.0,0.0
2023-12-23,9.68,3.33,2.12,0.0,0.0
2023-12-24,9.38,3.33,2.12,0.0,0.0
2023-12-25,9.07,3.33,2.12,0.0,0.0
2023-12-26,9.98,3.33,2.42,0.0,0.0
2023-12-27,9.98,3.63,2.42,0.0,0.0
2023-12-28,9.68,3.33,2.42,0.0,0.0
2023-12-29,9.68,3.33,2.42,0.0,0.0
2023-12-30,8.47,3.02,1.81,0.0,0.0
2023-12-31,7.86,2.72,2.12,0.0,0.0
2024-01-01,9.38,3.33,2.42,0.0,0.0
2024-01-02,14.21,5.44,3.63,0.3,0.0
2024-01-03,14.52,5.44,3.63,0.3,0.0
2024-01-04,12.7,4.54,3.02,0.0,0.0
2024-01-05,13.0,4.23,3.02,0.3,0.0
2024-01-06,10.59,3.63,2.42,0.0,0.0
2024-01-07,10.28,3.63,2.42,0.0,0.0
2024-01-08,14.52,5.75,3.02,0.3,0.0
2024-01-09,16.94,6.65,3.93,0.3,0.0
2024-01-10,24.5,8.17,4.84,0.3,0.0
2024-01-11,27.22,9.68,6.35,0.3,0.0
2024-01-12,17.54,6.05,4.54,0.3,0.0
2024-01-13,13.0,4.54,3.63,0.3,0.0
2024-01-14,11.19,3.63,2.72,0.3,0.0
2024-01-15,11.49,3.93,3.02,0.0,0.0
2024-01-16,11.19,3.63,3.02,0.0,0.0
2024-01-17,10.59,3.63,2.72,0.0,0.0
2024-01-18,10.28,3.63,2.72,0.0,0.0
2024-01-19,10.59,3.63,2.72,0.0,0.0
2024-01-20,8.77,3.02,2.12,0.0,0.0
2024-01-21,8.17,2.72,2.12,0.0,0.0
2024-01-22,10.28,3.93,2.42,0.0,0.0
2024-01-23,11.49,4.54,3.02,0.0,0.0
2024-01-24,9.68,3.93,2.42,0.0,0.0
2024-01-25,9.07,3.33,2.42,0.0,0.0
2024-01-26,9.07,3.63,2.12,0.0,0.0
2024-01-27,7.56,3.02,1.81,0.0,0.0
2024-01-28,7.56,3.02,1.81,0.0,0.0
2024-01-29,8.17,3.33,2.12,0.0,0.0
2024-01-30,8.77,3.63,2.12,0.0,0.0
2024-01-31,8.17,3.02,2.12,0.0,0.0
2024-02-01,7.56,3.02,1.81,0.0,0.0
2024-02-02,7.86,2.72,1.81,0.0,0.0
2024-02-03,6.96,2.72,1.51,0.0,0.0
2024-02-04,6.96,2.72,1.51,0.0,0.0
2024-02-05,7.26,3.02,1.81,0.0,0.0
2024-02-06,7.56,2.72,1.81,0.0,0.0
2024-02-07,7.56,3.02,1.81,0.0,0.0
2024-02-08,8.47,3.63,2.12,0.0,0.0
2024-02-09,11.19,4.84,3.02,0.0,0.0
2024-02-10,9.07,3.63,2.42,0.0,0.0
2024-02-11,9.38,3.93,2.42,0.0,0.0
2024-02-12,12.4,5.44,3.33,0.0,0.0
2024-02-13,13.31,5.44,3.63,0.3,0.0
2024-02-14,13.91,6.05,3.63,0.3,0.0
2024-02-15,13.61,5.75,3.93,0.3,0.0
2024-02-16,11.49,4.54,3.33,0.3,0.0
2024-02-17,9.68,3.93,2.42,0.0,0.0
2024-02-18,9.68,3.63,2.42,0.0,0.0
2024-02-19,10.28,4.23,2.72,0.0,0.0
2024-02-20,10.28,4.23,3.02,0.0,0.0
2024-02-21,9.98,3.93,2.72,0.0,0.0
2024-02-22,9.68,3.63,2.72,0.0,0.0
2024-02-23,9.07,3.33,2.42,0.0,0.0
2024-02-24,8.47,3.33,2.12,0.0,0.0
2024-02-25,8.17,3.33,2.12,0.0,0.0
2024-02-26,11.19,4.84,2.72,0.0,0.0
2024-02-27,17.84,7.86,4.84,0.3,0.0
2024-02-28,28.43,12.4,7.86,0.3,0.0
2024-02-29,25.4,9.98,6.96,0.3,0.0
2024-03-01,19.36,7.26,5.14,0.3,0.0
2024-03-02,15.12,5.75,3.93,0.3,0.0
2024-03-03,14.52,5.75,3.63,0.3,0.0
2024-03-04,26.92,11.49,7.26,0.3,0.0
2024-03-05,30.24,12.7,8.77,0.3,0.0
2024-03-06,22.68,9.07,6.65,0.3,0.0
2024-03-07,18.15,7.26,5.14,0.3,0.0
2024-03-08,19.66,8.17,5.75,0.3,0.0
2024-03-09,16.33,6.65,4.54,0.3,0.0
2024-03-10,16.94,6.65,4.84,0.3,0.0
2024-03-11,24.5,10.28,7.26,0.3,0.0
2024-03-12,21.17,8.47,6.65,0.3,0.0
2024-03-13,20.57,8.17,6.35,0.3,0.0
2024-03-14,17.84,7.26,5.44,0.3,0.0
2024-03-15,20.26,8.17,5.44,0.3,0.0
2024-03-16,15.42,6.65,4.23,0.3,0.0
2024-03-17,15.12,6.05,4.23,0.3,0.0
2024-03-18,15.12,6.35,4.54,0.3,0.0
2024-03-19,19.66,8.17,5.44,0.3,0.0
2024-03-20,18.45,7.26,5.75,0.3,0.0
2024-03-21,14.82,6.05,4.54,0.3,0.0
2024-03-22,13.91,5.44,3.93,0.3,0.0
2024-03-23,12.1,4.54,3.33,0.0,0.0
2024-03-24,12.7,4.54,3.33,0.0,0.0
2024-03-25,15.73,6.35,4.23,0.3,0.0
2024-03-26,14.82,5.44,4.23,0.3,0.0
2024-03-27,13.91,5.44,3.93,0.3,0.0
2024-03-28,13.91,5.44,3.93,0.3,0.0
2024-03-29,13.31,4.84,3.63,0.3,0.0
2024-03-30,10.89,4.23,3.02,0.3,0.0
2024-03-31,11.49,4.23,3.33,0.3,0.0
2024-04-01,12.7,4.84,3.63,0.3,0.0
2024-04-02,15.42,5.75,3.93,0.3,0.0
2024-04-03,13.0,4.84,3.33,0.3,0.0
2024-04-04,12.7,4.84,3.33,0.0,0.0
2024-04-05,11.79,4.84,3.33,0.0,0.0
2024-04-06,10.28,3.93,2.72,0.0,0.0
2024-04-07,9.98,4.23,2.72,0.0,0.0
2024-04-08,14.21,5.44,3.63,0.3,0.0
2024-04-09,12.1,4.84,3.33,0.0,0.0
2024-04-10,12.4,4.54,3.33,0.0,0.0
2024-04-11,12.7,4.54,3.02,0.3,0.0
2024-04-12,13.61,5.75,3.63,0.3,0.0
2024-04-13,15.12,6.96,3.63,0.3,0.3
2024-04-14,16.33,6.65,4.54,0.3,0.0
2024-04-15,16.33,6.05,3.93,0.3,0.0
2024-04-16,14.82,6.05,3.63,0.3,0.0
2024-04-17,14.82,6.05,3.63,0.3,0.0
2024-04-18,16.33,6.05,3.63,0.3,0.0
2024-04-19,23.89,8.77,4.23,0.3,0.0
2024-04-20,22.68,7.56,4.23,0.3,0.0
2024-04-21,12.7,4.54,3.02,0.0,0.0
2024-04-22,13.0,5.14,3.63,0.0,0.0
2024-04-23,11.19,4.54,3.02,0.0,0.0
2024-04-24,11.19,4.23,3.02,0.0,0.0
2024-04-25,10.89,4.23,2.72,0.0,0.0
2024-04-26,9.68,3.63,2.72,0.0,0.0
2024-04-27,9.38,3.63,2.12,0.0,0.0
2024-04-28,8.47,3.33,2.12,0.0,0.0
2024-04-29,9.68,3.93,2.72,0.0,0.0
2024-04-30,11.49,4.84,3.33,0.0,0.0
2024-05-01,13.61,6.05,3.93,0.0,0.0
2024-05-02,11.49,4.84,3.33,0.0,0.0
2024-05-03,10.89,4.54,3.02,0.0,0.0
2024-05-04,9.38,3.93,2.42,0.0,0.0
2024-05-05,8.77,3.63,2.42,0.0,0.0
2024-05-06,9.98,3.93,2.72,0.0,0.0
2024-05-07,9.38,3.63,2.42,0.0,0.0
2024-05-08,8.77,3.63,2.42,0.0,0.0
2024-05-09,8.47,3.33,2.42,0.0,0.0
2024-05-10,9.38,3.63,2.42,0.0,0.0
2024-05-11,8.17,3.02,2.12,0.0,0.0
2024-05-12,7.56,3.02,1.81,0.0,0.0
2024-05-13,8.77,3.63,2.42,0.0,0.0
2024-05-14,8.47,3.33,2.42,0.0,0.0
2024-05-15,9.38,3.93,2.72,0.0,0.0
2024-05-16,9.98,3.93,2.72,0.0,0.0
2024-05-17,9.68,3.93,2.72,0.0,0.0
2024-05-18,8.17,3.33,2.12,0.0,0.0
2024-05-19,8.17,3.02,2.12,0.0,0.0
2024-05-20,10.28,4.23,2.72,0.0,0.0
2024-05-21,12.1,5.44,3.63,0.0,0.0
2024-05-22,10.59,4.23,3.02,0.0,0.0
2024-05-23,9.98,4.23,2.72,0.3,0.0
2024-05-24,9.38,3.63,2.42,0.0,0.0
2024-05-25,7.56,3.33,1.81,0.0,0.0
2024-05-26,7.86,3.02,1.81,0.0,0.0
2024-05-27,8.77,3.33,2.12,0.0,0.0
2024-05-28,8.77,3.63,2.42,0.0,0.0
2024-05-29,8.17,3.33,2.42,0.0,0.0
2024-05-30,8.47,3.33,2.42,0.0,0.0
2024-05-31,7.86,3.33,2.12,0.0,0.0
2024-06-01,6.65,2.72,1.51,0.0,0.0
2024-06-02,6.96,2.72,1.51,0.0,0.0
2024-06-03,8.47,3.33,2.42,0.0,0.0
2024-06-04,8.77,3.33,2.42,0.0,0.0
2024-06-05,9.98,4.23,2.72,0.0,0.0
2024-06-06,9.07,3.93,2.72,0.0,0.0
2024-06-07,9.38,3.93,2.42,0.0,0.0
2024-06-08,8.17,3.33,2.12,0.0,0.0
2024-06-09,7.56,3.02,1.81,0.0,0.0
2024-06-10,8.17,3.33,2.12,0.0,0.0
2024-06-11,9.07,3.63,2.42,0.0,0.0
2024-06-12,8.77,3.63,2.42,0.0,0.0
2024-06-13,8.17,3.63,2.42,0.0,0.0
2024-06-14,8.47,3.63,2.12,0.0,0.0
2024-06-15,7.26,3.02,1.81,0.0,0.0
2024-06-16,7.26,2.72,1.51,0.0,0.0
2024-06-17,7.86,3.33,2.12,0.0,0.0
2024-06-18,9.07,3.63,2.42,0.0,0.0
2024-06-19,7.86,3.33,2.12,0.0,0.0
2024-06-20,7.86,3.33,2.12,0.0,0.0
2024-06-21,7.86,3.33,2.12,0.0,0.0
2024-06-22,6.65,2.72,1.51,0.0,0.0
2024-06-23,6.65,2.72,1.51,0.0,0.0
2024-06-24,11.19,4.84,3.02,0.0,0.0
2024-06-25,9.07,3.63,2.42,0.0,0.0
2024-06-26,8.17,3.33,2.12,0.0,0.0
2024-06-27,7.56,3.33,2.12,0.0,0.0
2024-06-28,7.86,3.02,2.12,0.0,0.0
2024-06-29,6.35,2.72,1.51,0.0,0.0
2024-06-30,6.65,2.72,1.51,0.0,0.0
2024-07-01,6.96,3.33,2.12,0.0,0.0
2024-07-02,7.26,3.02,1.81,0.0,0.0
2024-07-03,8.17,3.33,2.12,0.0,0.0
2024-07-04,10.59,4.54,2.42,0.0,0.0
2024-07-05,13.0,6.05,3.33,0.0,0.0
2024-07-06,8.47,3.93,2.42,0.0,0.0
2024-07-07,8.17,3.33,2.42,0.0,0.0
2024-07-08,10.28,4.23,2.72,0.0,0.0
2024-07-09,9.07,3.63,2.42,0.0,0.0
2024-07-10,8.47,3.63,2.42,0.0,0.0
2024-07-11,9.38,3.63,2.42,0.0,0.0
2024-07-12,9.07,3.63,2.12,0.0,0.0
2024-07-13,7.56,3.02,1.81,0.0,0.0
2024-07-14,9.38,3.63,3.33,0.0,0.0
2024-07-15,10.59,4.54,3.02,0.0,0.0
2024-07-16,11.19,4.23,3.02,0.0,0.0
2024-07-17,9.68,3.93,2.72,0.0,0.0
2024-07-18,8.77,3.63,2.42,0.0,0.0
2024-07-19,9.68,4.23,2.72,0.0,0.0
2024-07-20,8.77,3.63,2.42,0.0,0.0
2024-07-21,8.77,3.93,2.42,0.0,0.0
2024-07-22,9.38,3.93,2.72,0.0,0.0
2024-07-23,9.98,3.93,2.42,0.0,0.0
2024-07-24,9.07,3.63,2.42,0.0,0.0
2024-07-25,9.68,3.93,2.42,0.0,0.0
2024-07-26,9.38,3.63,2.42,0.0,0.0
2024-07-27,11.79,4.54,2.72,0.3,0.0
2024-07-28,9.98,3.63,2.72,0.0,0.0
2024-07-29,11.19,4.23,3.02,0.0,0.0
2024-07-30,9.07,3.63,2.42,0.0,0.0
2024-07-31,8.47,3.63,2.42,0.0,0.0
2024-08-01,8.77,3.93,2.42,0.0,0.0
2024-08-02,9.07,3.63,2.42,0.0,0.0
2024-08-03,9.07,3.93,2.42,0.0,0.0
2024-08-04,9.68,4.23,2.72,0.0,0.0
2024-08-05,28.13,11.19,7.86,0.3,0.3
2024-08-06,16.45,6.82,4.81,0.0,0.0
2024-08-07,12.44,4.81,3.61,0.0,0.0
2024-08-08,10.83,4.81,3.21,0.0,0.0
2024-08-09,10.03,4.01,2.81,0.0,0.0
2024-08-10,8.83,3.61,2.41,0.0,0.0
2024-08-11,8.83,3.61,2.41,0.0,0.0
2024-08-12,9.63,4.01,2.81,0.0,0.0
2024-08-13,9.23,3.61,2.41,0.0,0.0
2024-08-14,8.83,3.61,2.41,0.0,0.0
2024-08-15,9.23,3.61,2.41,0.0,0.0
2024-08-16,8.02,3.61,2.41,0.0,0.0
2024-08-17,7.62,3.21,2.01,0.0,0.0
2024-08-18,7.62,3.21,2.01,0.0,0.0
2024-08-19,8.02,3.61,2.41,0.0,0.0
2024-08-20,8.83,3.61,2.41,0.0,0.0
2024-08-21,8.02,3.21,2.41,0.0,0.0
2024-08-22,8.42,3.21,2.01,0.0,0.0
2024-08-23,9.63,3.61,2.41,0.0,0.0
2024-08-24,8.42,3.61,2.01,0.0,0.0
2024-08-25,7.62,3.21,2.01,0.0,0.0
2024-08-26,8.02,3.61,2.41,0.0,0.0
2024-08-27,8.02,3.61,2.41,0.0,0.0
2024-08-28,8.83,4.01,2.41,0.0,0.0
2024-08-29,8.02,3.61,2.01,0.0,0.0
2024-08-30,7.62,3.21,2.01,0.0,0.0
2024-08-31,6.82,2.81,1.6,0.0,0.0
2024-09-01,6.82,2.81,1.6,0.0,0.0
2024-09-02,8.02,3.21,2.01,0.0,0.0
2024-09-03,7.62,3.21,2.01,0.0,0.0
2024-09-04,8.42,4.01,2.41,0.0,0.0
2024-09-05,8.02,3.21,2.01,0.0,0.0
2024-09-06,9.63,4.01,2.41,0.0,0.0
2024-09-07,8.02,3.61,2.01,0.0,0.0
2024-09-08,7.62,2.81,2.01,0.0,0.0
2024-09-09,8.83,3.61,2.41,0.0,0.0
2024-09-10,7.62,3.21,2.01,0.0,0.0
2024-09-11,8.02,3.21,2.01,0.0,0.0
2024-09-12,7.62,3.21,2.01,0.0,0.0
2024-09-13,8.02,3.21,2.01,0.0,0.0
2024-09-14,7.22,3.21,1.6,0.0,0.0
2024-09-15,7.22,2.81,1.6,0.0,0.0
2024-09-16,7.62,3.21,2.01,0.0,0.0
2024-09-17,8.02,3.21,2.01,0.0,0.0
2024-09-18,8.42,3.61,2.01,0.0,0.0
2024-09-19,9.23,4.41,2.41,0.0,0.0
2024-09-20,8.83,4.01,2.41,0.0,0.0
2024-09-21,7.22,3.21,2.01,0.0,0.0
2024-09-22,6.82,2.81,1.6,0.0,0.0
2024-09-23,8.02,3.61,2.41,0.0,0.0
2024-09-24,7.62,3.21,2.01,0.0,0.0
2024-09-25,7.62,3.21,2.01,0.0,0.0
2024-09-26,8.42,3.61,2.41,0.0,0.0
2024-09-27,8.42,4.01,2.41,0.0,0.0
2024-09-28,7.22,3.21,1.6,0.0,0.0
2024-09-29,6.82,2.81,2.01,0.0,0.0
2024-09-30,7.62,3.61,2.01,0.0,0.0
2024-10-01,8.42,3.61,2.01,0.0,0.0
2024-10-02,8.02,3.21,2.01,0.0,0.0
2024-10-03,7.22,3.21,2.01,0.0,0.0
2024-10-04,7.22,3.21,2.01,0.0,0.0
2024-10-05,6.42,2.81,1.6,0.0,0.0
2024-10-06,6.42,2.41,1.6,0.0,0.0
2024-10-07,7.62,3.21,2.01,0.0,0.0
2024-10-08,7.62,2.81,1.6,0.0,0.0
2024-10-09,8.02,3.21,1.6,0.0,0.0
2024-10-10,7.22,3.21,2.01,0.0,0.0
2024-10-11,7.62,3.21,2.01,0.0,0.0
2024-10-12,6.42,2.81,1.6,0.0,0.0
2024-10-13,5.62,2.41,1.6,0.0,0.0
2024-10-14,7.62,3.21,2.01,0.0,0.0
2024-10-15,7.22,3.61,2.01,0.0,0.0
2024-10-16,8.02,3.61,2.01,0.0,0.0
2024-10-17,7.22,3.21,2.01,0.0,0.0
2024-10-18,8.02,3.61,2.01,0.0,0.0
2024-10-19,6.82,3.21,1.6,0.0,0.0
2024-10-20,6.82,3.21,1.6,0.0,0.0
2024-10-21,8.02,3.61,2.01,0.0,0.0
2024-10-22,7.62,3.21,2.01,0.0,0.0
2024-10-23,7.22,3.21,1.6,0.0,0.0
2024-10-24,7.62,3.21,1.6,0.0,0.0
2024-10-25,7.22,3.21,1.6,0.0,0.0
2024-10-26,6.42,2.81,1.6,0.0,0.0
2024-10-27,6.82,2.41,1.6,0.0,0.0
2024-10-28,8.02,4.01,2.41,0.0,0.0
2024-10-29,13.24,7.22,3.61,0.0,0.0
2024-10-30,11.23,5.22,3.21,0.0,0.0
2024-10-31,9.63,4.41,2.81,0.0,0.0
2024-11-01,9.23,4.01,2.41,0.0,0.0
2024-11-02,7.22,3.21,1.6,0.0,0.0
2024-11-03,7.62,3.21,1.6,0.0,0.0
2024-11-04,8.02,3.61,2.01,0.0,0.0
2024-11-05,8.42,4.01,2.41,0.0,0.0
2024-11-06,33.3,12.44,9.23,0.4,0.0
2024-11-07,19.26,7.22,5.62,0.0,0.0
2024-11-08,15.65,6.42,4.41,0.0,0.0
2024-11-09,12.84,5.22,3.61,0.0,0.0
2024-11-10,21.66,9.63,6.02,0.4,0.0
2024-11-11,33.3,14.04,9.63,0.4,0.0
2024-11-12,34.9,14.84,10.83,0.4,0.0
2024-11-13,33.3,13.64,9.63,0.4,0.0
2024-11-14,26.08,10.83,7.62,0.4,0.0
2024-11-15,20.86,8.42,6.42,0.4,0.0
2024-11-16,17.65,7.22,5.22,0.4,0.0
2024-11-17,16.05,6.02,5.22,0.4,0.0
2024-11-18,18.05,7.22,5.62,0.4,0.0
2024-11-19,17.65,7.62,5.22,0.4,0.0
2024-11-20,20.06,8.02,6.02,0.4,0.0
2024-11-21,30.49,13.24,9.23,0.4,0.0
2024-11-22,32.9,12.84,9.63,0.4,0.0
2024-11-23,21.66,8.42,6.42,0.4,0.0
2024-11-24,18.86,7.62,6.02,0.4,0.0
2024-11-25,20.86,8.42,6.42,0.4,0.0
2024-11-26,20.46,8.42,6.02,0.4,0.0
2024-11-27,18.05,6.82,5.62,0.4,0.0
2024-11-28,15.25,6.42,4.41,0.0,0.0
2024-11-29,16.05,6.42,4.81,0.4,0.0
2024-11-30,13.64,5.22,4.01,0.0,0.0
2024-12-01,13.64,5.22,4.01,0.4,0.0
2024-12-02,16.05,6.42,5.22,0.4,0.0
2024-12-03,14.84,5.62,4.41,0.4,0.0
2024-12-04,15.65,6.42,4.81,0.4,0.0
2024-12-05,40.12,15.25,12.44,0.8,0.0
2024-12-06,24.47,9.23,8.02,0.4,0.0
2024-12-07,18.05,6.02,5.22,0.4,0.0
2024-12-08,16.85,6.02,4.81,0.4,0.0
2024-12-09,18.05,7.22,5.62,0.4,0.0
2024-12-10,18.86,7.22,5.62,0.4,0.0
2024-12-11,17.25,6.42,5.22,0.4,0.0
2024-12-12,16.85,6.02,4.81,0.4,0.0
2024-12-13,14.04,5.22,4.41,0.4,0.0
2024-12-14,13.24,4.81,3.61,0.4,0.0
2024-12-15,14.04,5.62,4.01,0.4,0.0
2024-12-16,20.86,8.42,6.42,0.4,0.0
2024-12-17,19.26,7.22,6.02,0.4,0.0
2024-12-18,17.65,6.82,5.62,0.4,0.0
2024-12-19,19.66,7.62,6.42,0.4,0.0
2024-12-20,20.86,9.23,6.42,0.4,0.0
2024-12-21,14.84,5.62,4.41,0.0,0.0
2024-12-22,14.84,5.22,4.01,0.0,0.0
2024-12-23,16.45,6.42,4.81,0.0,0.0
2024-12-24,16.05,6.02,4.81,0.4,0.0
2024-12-25,14.44,5.62,4.01,0.0,0.0
2024-12-26,15.25,5.62,4.41,0.4,0.0
2024-12-27,14.44,5.22,4.41,0.0,0.0
2024-12-28,11.63,4.41,3.61,0.0,0.0
2024-12-29,12.44,4.41,3.61,0.0,0.0
2024-12-30,14.04,5.62,4.41,0.0,0.0
2024-12-31,13.24,4.81,4.01,0.0,0.0
2025-01-01,12.44,4.81,3.61,0.0,0.0
2025-01-02,14.44,5.22,4.41,0.0,0.0
2025-01-03,13.24,4.81,4.01,0.0,0.0
2025-01-04,11.63,4.41,3.21,0.0,0.0
2025-01-05,10.83,4.01,3.21,0.0,0.0
2025-01-06,14.04,5.62,4.41,0.0,0.0
2025-01-07,14.84,5.62,4.41,0.4,0.0
2025-01-08,14.44,5.62,4.01,0.0,0.0
2025-01-09,14.04,5.62,4.41,0.0,0.0
2025-01-10,13.24,5.22,4.01,0.0,0.0
2025-01-11,11.23,4.01,3.21,0.0,0.0
2025-01-12,10.83,4.01,2.81,0.0,0.0
2025-01-13,13.64,5.62,4.01,0.0,0.0
2025-01-14,12.44,5.22,4.01,0.0,0.0
2025-01-15,13.24,5.22,4.41,0.0,0.0
2025-01-16,13.64,5.62,4.01,0.0,0.0
2025-01-17,16.05,6.42,4.81,0.4,0.0
2025-01-18,14.44,5.22,4.41,0.4,0.0
2025-01-19,16.05,6.02,4.81,0.4,0.0
2025-01-20,24.47,8.83,7.62,0.4,0.0
2025-01-21,19.26,6.82,6.42,0.4,0.0
2025-01-22,15.25,5.62,5.22,0.4,0.0
2025-01-23,16.45,6.02,5.22,0.4,0.0
2025-01-24,15.25,5.62,4.81,0.4,0.0
2025-01-25,12.04,4.01,3.61,0.0,0.0
2025-01-26,11.63,4.01,3.21,0.0,0.0
2025-01-27,16.85,6.82,5.22,0.0,0.0
2025-01-28,14.04,5.22,4.41,0.0,0.0
2025-01-29,12.84,4.81,3.61,0.0,0.0
2025-01-30,12.04,4.81,3.61,0.0,0.0
2025-01-31,12.04,4.81,3.61,0.0,0.0
2025-02-01,10.43,4.01,2.81,0.0,0.0
2025-02-02,12.84,5.62,4.01,0.0,0.0
2025-02-03,20.06,8.83,6.82,0.0,0.4
2025-02-04,14.44,6.02,4.81,0.0,0.0
2025-02-05,12.84,4.81,4.01,0.0,0.0
2025-02-06,11.63,4.81,3.61,0.0,0.0
2025-02-07,11.63,4.41,3.61,0.0,0.0
2025-02-08,9.63,3.61,2.81,0.0,0.0
2025-02-09,10.03,4.01,3.21,0.0,0.0
2025-02-10,10.03,4.01,2.81,0.0,0.0
2025-02-11,10.03,4.01,3.21,0.0,0.0
2025-02-12,10.03,4.41,2.81,0.0,0.0
2025-02-13,9.63,3.61,2.81,0.0,0.0
2025-02-14,9.23,3.61,2.81,0.0,0.0
2025-02-15,8.02,2.81,2.41,0.0,0.0
2025-02-16,8.83,3.21,2.41,0.0,0.0
2025-02-17,9.23,3.61,2.81,0.0,0.0
2025-02-18,10.43,4.01,3.21,0.0,0.0
2025-02-19,9.23,3.61,2.81,0.0,0.0
2025-02-20,9.63,3.61,2.81,0.0,0.0
2025-02-21,10.43,4.01,3.21,0.0,0.0
2025-02-22,8.83,3.21,2.41,0.0,0.0
2025-02-23,7.62,2.81,2.41,0.0,0.0
2025-02-24,9.63,4.01,2.81,0.0,0.0
2025-02-25,18.86,7.62,5.62,0.0,0.0
2025-02-26,15.65,6.42,5.22,0.0,0.0
2025-02-27,15.25,6.02,4.81,0.0,0.0
2025-02-28,21.26,8.42,6.42,0.0,0.0
2025-03-01,12.44,4.81,4.01,0.0,0.0
2025-03-02,16.05,7.22,5.22,0.0,0.0
2025-03-03,18.45,7.62,6.42,0.0,0.0
2025-03-04,16.05,6.82,5.62,0.0,0.0
2025-03-05,13.64,5.22,4.41,0.0,0.0
2025-03-06,12.84,5.22,4.01,0.0,0.0
2025-03-07,16.85,6.42,5.62,0.0,0.0
2025-03-08,12.44,4.41,3.61,0.0,0.0
2025-03-09,11.63,4.81,3.61,0.0,0.0
2025-03-10,17.25,7.62,6.02,0.0,0.0
2025-03-11,16.85,6.82,6.02,0.0,0.0
2025-03-12,12.84,5.62,4.41,0.0,0.0
2025-03-13,12.44,4.81,4.41,0.0,0.0
2025-03-14,11.63,4.81,4.01,0.0,0.0
2025-03-15,9.23,3.61,2.81,0.0,0.0
2025-03-16,10.03,3.61,3.21,0.0,0.0
2025-03-17,10.43,4.41,3.61,0.0,0.0
2025-03-18,10.43,4.41,3.21,0.0,0.0
2025-03-19,10.83,4.41,3.61,0.0,0.0
2025-03-20,9.63,4.01,3.21,0.0,0.0
2025-03-21,8.42,3.61,2.81,0.0,0.0
2025-03-22,7.22,3.21,2.01,0.0,0.0
2025-03-23,8.02,3.21,2.41,0.0,0.0
2025-03-24,10.03,4.41,3.21,0.0,0.0
2025-03-25,9.63,4.01,3.21,0.0,0.0
2025-03-26,9.23,3.61,2.81,0.0,0.0
2025-03-27,8.42,3.61,2.81,0.0,0.0
2025-03-28,8.42,3.61,2.81,0.0,0.0
2025-03-29,7.62,3.21,2.41,0.0,0.0
2025-03-30,8.02,3.21,2.01,0.0,0.0
2025-03-31,9.63,4.01,2.81,0.0,0.0
2025-04-01,9.63,3.61,2.81,0.0,0.0
2025-04-02,10.03,4.01,3.21,0.0,0.0
2025-04-03,12.84,4.81,4.01,0.0,0.0
2025-04-04,12.44,4.81,4.41,0.0,0.0
2025-04-05,8.83,3.61,2.81,0.0,0.0
2025-04-06,10.49,4.92,3.61,0.0,0.0
2025-04-07,19.34,8.19,6.55,0.0,0.0
2025-04-08,12.78,5.57,4.59,0.0,0.0
2025-04-09,14.42,6.55,5.24,0.0,0.0
2025-04-10,12.13,4.92,3.93,0.0,0.0
2025-04-11,10.82,4.59,3.61,0.0,0.0
2025-04-12,8.85,3.93,2.62,0.0,0.0
2025-04-13,8.19,3.93,2.62,0.0,0.0
2025-04-14,9.18,3.93,2.95,0.0,0.0
2025-04-15,9.18,3.61,2.62,0.0,0.0
2025-04-16,8.52,3.93,2.62,0.0,0.0
2025-04-17,7.87,3.28,2.62,0.0,0.0
2025-04-18,7.21,2.95,2.29,0.0,0.0
2025-04-19,6.55,2.95,1.64,0.0,0.0
2025-04-20,6.88,2.95,2.29,0.0,0.0
2025-04-21,9.83,4.26,3.28,0.0,0.0
2025-04-22,11.14,5.24,3.28,0.0,0.0
2025-04-23,10.82,5.57,3.61,0.0,0.0
2025-04-24,9.18,3.93,2.95,0.0,0.0
2025-04-25,9.18,3.93,2.95,0.0,0.0
2025-04-26,7.21,3.61,2.29,0.0,0.0
2025-04-27,7.54,3.28,1.97,0.0,0.0
2025-04-28,8.85,3.93,2.95,0.0,0.0
2025-04-29,8.19,3.61,2.62,0.0,0.0
2025-04-30,7.87,3.61,2.29,0.0,0.0
2025-05-01,8.52,3.93,2.95,0.0,0.0
2025-05-02,8.85,3.61,2.62,0.0,0.0
2025-05-03,6.88,2.95,1.97,0.0,0.0
2025-05-04,6.88,2.95,1.64,0.0,0.0
2025-05-05,7.87,3.28,2.29,0.0,0.0
2025-05-06,7.21,3.28,2.29,0.0,0.0
2025-05-07,7.87,3.61,2.29,0.0,0.0
2025-05-08,12.45,6.55,3.93,0.0,0.0
2025-05-09,12.45,5.9,3.93,0.0,0.0
2025-05-10,9.5,4.26,2.62,0.0,0.0
2025-05-11,9.18,4.59,2.95,0.0,0.0
2025-05-12,11.8,5.57,3.61,0.0,0.0
2025-05-13,10.16,4.26,3.28,0.0,0.0
2025-05-14,9.5,3.93,2.95,0.0,0.0
2025-05-15,8.52,3.93,2.62,0.0,0.0
2025-05-16,9.83,3.61,2.62,0.0,0.0
2025-05-17,7.21,3.28,1.97,0.0,0.0
2025-05-18,8.19,3.93,2.29,0.0,0.0
2025-05-19,9.83,4.59,3.28,0.0,0.0
2025-05-20,9.83,4.26,3.28,0.0,0.0
2025-05-21,12.78,6.55,3.93,0.0,0.0
2025-05-22,17.37,7.87,5.24,0.33,0.0
2025-05-23,13.11,5.57,3.93,0.33,0.0
2025-05-24,9.5,4.26,2.62,0.0,0.0
2025-05-25,8.52,3.61,2.62,0.0,0.0
2025-05-26,9.83,4.26,2.95,0.0,0.0
2025-05-27,10.82,4.59,3.28,0.0,0.0
2025-05-28,11.47,4.26,3.28,0.0,0.0
2025-05-29,10.49,4.26,2.95,0.0,0.0
2025-05-30,9.83,4.26,2.95,0.0,0.0
2025-05-31,7.87,3.61,2.29,0.0,0.0
2025-06-01,7.54,3.28,1.97,0.0,0.0
2025-06-02,8.52,3.93,2.62,0.0,0.0
2025-06-03,8.19,3.61,2.62,0.0,0.0
2025-06-04,8.19,3.61,2.29,0.0,0.0
2025-06-05,9.18,3.93,2.62,0.0,0.0
2025-06-06,9.5,3.93,2.95,0.0,0.0
2025-06-07,8.19,3.28,1.97,0.0,0.0
2025-06-08,7.87,3.28,2.29,0.33,0.0
2025-06-09,9.83,4.26,2.95,0.0,0.0
2025-06-10,9.83,4.26,2.62,0.0,0.0
2025-06-11,9.18,3.93,2.62,0.0,0.0
2025-06-12,8.85,3.61,2.62,0.0,0.0
2025-06-13,9.83,4.26,2.95,0.0,0.0
2025-06-14,7.87,3.28,2.29,0.0,0.0
2025-06-15,7.87,3.28,1.97,0.0,0.0
2025-06-16,8.52,3.61,2.62,0.0,0.0
2025-06-17,8.85,3.93,2.62,0.0,0.0
2025-06-18,8.19,3.61,2.29,0.0,0.0
2025-06-19,7.87,3.28,2.29,0.0,0.0
2025-06-20,7.87,3.28,2.29,0.0,0.0
2025-06-21,7.21,3.28,1.97,0.0,0.0
2025-06-22,10.16,5.24,3.61,0.0,0.0
2025-06-23,9.18,4.59,3.28,0.0,0.0
2025-06-24,8.52,3.93,2.62,0.0,0.0
2025-06-25,8.52,3.93,2.62,0.0,0.0
2025-06-26,7.87,3.61,2.29,0.0,0.0
2025-06-27,8.19,3.61,2.62,0.0,0.0
2025-06-28,6.88,2.95,1.97,0.0,0.0
2025-06-29,7.21,3.28,1.97,0.0,0.0
2025-06-30,7.87,3.61,2.29,0.0,0.0
2025-07-01,7.54,3.28,2.29,0.0,0.0
2025-07-02,8.19,3.61,2.29,0.0,0.0
2025-07-03,8.85,3.93,2.62,0.0,0.0
2025-07-04,8.19,3.61,2.29,0.0,0.0
2025-07-05,7.21,3.28,1.97,0.0,0.0
2025-07-06,7.54,3.28,2.29,0.33,0.0
2025-07-07,8.52,3.61,2.62,0.0,0.0
2025-07-08,7.87,3.28,2.29,0.0,0.0
2025-07-09,8.85,4.26,2.62,0.0,0.0
2025-07-10,13.11,7.21,3.93,0.33,0.0
2025-07-11,18.03,8.52,5.57,0.33,0.0
2025-07-12,11.47,4.92,3.28,0.33,0.0
2025-07-13,11.47,4.92,3.28,0.33,0.0
2025-07-14,18.68,8.52,6.23,0.33,0.0
2025-07-15,13.44,5.9,4.59,0.33,0.0
2025-07-16,12.45,5.57,4.26,0.33,0.0
2025-07-17,13.11,5.24,4.59,0.33,0.0
2025-07-18,12.78,5.57,4.26,0.33,0.0
2025-07-19,11.47,4.59,3.93,0.33,0.0
2025-07-20,11.47,4.59,3.61,0.33,0.0
2025-07-21,12.45,5.24,4.26,0.33,0.0
2025-07-22,11.47,4.59,3.93,0.33,0.0
2025-07-23,10.82,4.26,3.61,0.33,0.0
2025-07-24,10.16,4.26,3.28,0.33,0.0
2025-07-25,11.47,4.26,3.61,0.33,0.0
2025-07-26,8.85,3.61,2.62,0.33,0.0
2025-07-27,8.85,3.61,2.95,0.33,0.0
2025-07-28,10.16,4.26,3.61,0.33,0.0
2025-07-29,10.49,4.26,3.61,0.33,0.0
2025-07-30,11.14,3.93,4.26,0.33,0.0
2025-07-31,10.82,3.93,3.93,0.33,0.0
2025-08-01,12.78,4.92,4.59,0.33,0.0
2025-08-02,12.13,5.24,4.59,0.33,0.0
2025-08-03,11.8,5.24,4.59,0.33,0.0
2025-08-04,12.45,5.24,4.92,0.33,0.0
2025-08-05,12.78,5.24,5.24,0.33,0.0
2025-08-06,13.44,5.57,5.24,0.33,0.0
2025-08-07,13.77,5.57,5.57,0.66,0.0
2025-08-08,13.44,5.57,5.57,0.66,0.0
2025-08-09,15.08,6.88,6.23,0.66,0.0
2025-08-10,15.08,7.21,6.88,0.66,0.0
2025-08-11,19.01,8.19,8.19,0.66,0.0
2025-08-12,17.37,8.19,7.87,0.66,0.0
2025-08-13,18.68,9.83,9.18,0.66,0.0
2025-08-14,23.6,10.82,10.49,0.98,0.33
2025-08-15,21.3,10.16,9.83,0.98,0.0
2025-08-16,17.7,9.83,8.52,0.98,0.0
2025-08-17,18.35,9.83,8.52,0.98,0.0
2025-08-18,19.01,9.5,8.52,0.66,0.0
2025-08-19,18.68,9.83,8.52,0.66,0.0
2025-08-20,15.4,8.52,7.21,0.66,0.0
2025-08-21,15.08,7.87,6.88,0.66,0.0
2025-08-22,16.39,10.16,7.87,0.66,0.0
2025-08-23,14.09,8.52,6.55,0.66,0.0
2025-08-24,13.77,7.54,6.23,0.66,0.0
2025-08-25,16.06,8.19,6.88,0.66,0.0
2025-08-26,16.39,8.85,7.54,0.66,0.0
2025-08-27,13.44,6.88,5.57,0.33,0.0
2025-08-28,12.45,5.9,5.24,0.33,0.0
2025-08-29,13.77,6.88,6.23,0.66,0.0
2025-08-30,12.45,5.9,5.57,0.66,0.0
2025-08-31,12.45,5.9,5.24,0.66,0.0
2025-09-01,13.11,5.9,5.24,0.33,0.0
2025-09-02,13.44,5.57,5.24,0.33,0.0
2025-09-03,12.78,5.24,5.24,0.33,0.0
2025-09-04,12.13,5.24,5.24,0.33,0.0
2025-09-05,12.45,5.24,5.24,0.33,0.0
2025-09-06,10.82,4.92,4.59,0.33,0.0
2025-09-07,10.82,4.59,4.92,0.33,0.0
2025-09-08,11.8,4.59,4.59,0.33,0.0
2025-09-09,11.8,4.59,4.59,0.33,0.0
2025-09-10,13.44,4.92,4.59,0.33,0.0
2025-09-11,11.47,4.59,3.93,0.33,0.0
2025-09-12,11.8,5.24,4.26,0.33,0.0
2025-09-13,11.14,4.92,4.26,0.33,0.0
2025-09-14,10.16,4.92,3.93,0.33,0.0
2025-09-15,11.8,4.92,4.26,0.33,0.0
2025-09-16,10.82,4.59,3.93,0.33,0.0
2025-09-17,11.47,4.92,4.26,0.33,0.0
2025-09-18,12.45,4.92,4.26,0.33,0.0
2025-09-19,10.49,4.26,3.93,0.33,0.0
2025-09-20,9.5,3.93,3.61,0.33,0.0
2025-09-21,9.83,3.61,3.61,0.33,0.0
2025-09-22,13.11,5.24,4.92,0.33,0.33
2025-09-23,12.13,4.59,4.59,0.33,0.0
2025-09-24,11.14,4.26,3.61,0.33,0.0
2025-09-25,12.45,4.92,4.59,0.33,0.0
2025-09-26,12.13,5.9,4.59,0.33,0.0
2025-09-27,10.16,4.26,3.93,0.33,0.0
2025-09-28,11.14,3.93,3.61,0.33,0.0
2025-09-29,12.13,4.59,4.26,0.33,0.0
2025-09-30,11.47,4.26,4.26,0.33,0.0
2025-10-01,12.78,5.24,4.92,0.33,0.0
2025-10-02,14.09,5.9,5.24,0.33,0.0
2025-10-03,14.42,5.9,5.57,0.33,0.0
2025-10-04,11.8,4.59,3.93,0.33,0.0
2025-10-05,14.42,5.9,5.24,0.33,0.0
2025-10-06,15.73,6.23,5.57,0.33,0.0
2025-10-07,14.75,5.9,5.24,0.33,0.0
2025-10-08,13.11,4.92,4.59,0.33,0.0
2025-10-09,12.78,4.59,4.26,0.33,0.0
2025-10-10,15.4,6.23,5.57,0.33,0.66
2025-10-11,24.25,10.49,9.18,0.66,1.31
2025-10-12,22.29,8.52,8.85,0.33,1.31
2025-10-13,17.7,6.88,6.88,0.33,0.98
2025-10-14,16.06,6.23,5.9,0.33,0.66
2025-10-15,15.4,5.9,5.24,0.33,0.33
2025-10-16,15.73,5.9,5.57,0.33,0.33
2025-10-17,19.01,7.87,6.88,0.33,0.33
2025-10-18,14.42,5.24,5.24,0.33,0.0
2025-10-19,13.77,4.59,5.24,0.33,0.0
2025-10-20,14.75,5.9,5.57,0.33,0.0
2025-10-21,14.42,5.57,5.57,0.33,0.0
2025-10-22,13.44,4.92,5.24,0.66,0.0
2025-10-23,12.78,4.59,4.92,0.33,0.0
2025-10-24,12.13,4.59,4.59,0.33,0.0
2025-10-25,10.82,3.93,3.61,0.33,0.0
2025-10-26,11.14,4.26,4.26,0.33,0.0
2025-10-27,12.45,4.92,4.59,0.33,0.0
2025-10-28,12.45,4.59,4.26,0.33,0.0
2025-10-29,11.47,4.59,3.93,0.33,0.0
2025-10-30,12.13,4.92,4.26,0.33,0.0
2025-10-31,12.13,4.59,4.26,0.33,0.0
2025-11-01,10.82,3.61,3.61,0.33,0.0
2025-11-02,10.16,3.61,3.61,0.33,0.0
2025-11-03,12.78,5.24,4.59,0.33,0.0
2025-11-04,18.03,7.21,6.23,0.33,0.33
2025-11-05,15.73,6.88,5.9,0.33,0.0
2025-11-06,13.77,5.57,5.57,0.33,0.0
2025-11-07,14.42,5.9,5.24,0.33,0.0
2025-11-08,11.14,4.26,3.93,0.33,0.0
2025-11-09,11.14,4.26,3.93,0.33,0.0
2025-11-10,12.45,4.92,4.92,0.33,0.0
2025-11-11,12.13,4.59,4.26,0.33,0.0
2025-11-12,13.11,4.92,4.59,0.33,0.0
2025-11-13,14.42,5.9,5.24,0.66,0.0
2025-11-14,19.66,7.87,7.21,0.66,0.0
2025-11-15,13.44,5.9,5.24,0.33,0.0
2025-11-16,14.75,5.57,5.24,0.33,0.0
2025-11-17,18.35,7.21,6.88,0.33,0.0
2025-11-18,23.27,8.85,8.85,0.66,0.0
2025-11-19,21.96,7.87,8.52,0.66,0.0
2025-11-20,22.94,8.85,8.85,0.66,0.0
2025-11-21,32.77,11.8,11.8,0.98,0.33
2025-11-22,21.63,7.87,8.19,0.66,0.0
2025-11-23,19.66,6.88,7.21,0.66,0.0
2025-11-24,19.66,7.21,7.87,0.33,0.0
2025-11-25,18.35,6.23,6.88,0.33,0.0
2025-11-26,17.7,6.23,6.88,0.66,0.0
2025-11-27,16.39,6.23,6.23,0.66,0.0
2025-11-28,15.73,5.57,6.23,0.66,0.0
2025-11-29,14.09,4.59,4.92,0.66,0.0
2025-11-30,13.11,4.59,5.24,0.66,0.0
2025-12-01,23.92,8.52,9.83,0.98,0.33
2025-12-02,19.99,6.88,7.87,0.66,0.0
2025-12-03,18.68,6.23,7.54,0.66,0.0
2025-12-04,15.73,5.24,5.9,0.66,0.0
2025-12-05,13.58,5.15,5.62,0.47,0.0
2025-12-06,11.71,4.22,4.68,0.47,0.0
2025-12-07,12.65,4.22,4.68,0.47,0.0
2025-12-08,14.05,4.68,5.62,0.47,0.0
2025-12-09,14.05,5.15,5.62,0.47,0.0
2025-12-10,12.65,4.68,4.68,0.47,0.0
2025-12-11,13.11,5.15,5.15,0.47,0.0
2025-12-12,12.18,4.68,4.68,0.47,0.0
2025-12-13,10.3,4.22,3.75,0.47,0.0
2025-12-14,10.3,4.22,3.75,0.47,0.0
2025-12-15,13.58,5.62,5.62,0.47,0.0
2025-12-16,13.58,5.15,4.68,0.47,0.0
2025-12-17,14.05,5.15,5.15,0.47,0.0
2025-12-18,13.58,6.09,5.62,0.47,0.0
2025-12-19,12.65,5.15,4.68,0.47,0.0
2025-12-20,9.84,4.22,3.28,0.47,0.0
2025-12-21,10.3,3.75,3.28,0.47,0.0
2025-12-22,11.24,4.68,3.75,0.47,0.0
2025-12-23,10.77,4.22,3.75,0.47,0.0
2025-12-24,10.77,3.75,3.28,0.47,0.0
2025-12-25,10.3,4.22,3.28,0.47,0.0
2025-12-26,10.77,4.22,3.75,0.47,0.0
2025-12-27,9.37,3.75,3.28,0.47,0.0
2025-12-28,9.84,3.28,3.28,0.47,0.0
2025-12-29,10.77,4.22,3.75,0.47,0.0
2025-12-30,9.84,3.75,3.28,0.47,0.0
2025-12-31,9.37,3.75,3.28,0.47,0.0
2026-01-01,9.37,3.28,3.28,0.47,0.0
2026-01-02,10.3,4.22,3.75,0.47,0.0
2026-01-03,9.84,4.22,3.28,0.47,0.0
2026-01-04,9.84,4.22,3.75,0.47,0.0
2026-01-05,12.18,5.15,4.68,0.47,0.0
2026-01-06,12.18,4.68,4.22,0.47,0.0
2026-01-07,11.24,4.22,3.75,0.47,0.0
2026-01-08,9.84,3.75,3.28,0.47,0.0
2026-01-09,9.84,3.75,3.28,0.47,0.0
2026-01-10,8.43,3.28,2.81,0.47,0.0
2026-01-11,7.96,3.28,2.81,0.47,0.0
2026-01-12,9.37,3.75,3.28,0.47,0.0
2026-01-13,10.3,4.68,3.28,0.47,0.0
2026-01-14,12.18,5.15,3.75,0.47,0.0
2026-01-15,10.77,4.68,3.75,0.47,0.0
2026-01-16,10.3,3.75,3.28,0.47,0.0
2026-01-17,9.37,3.28,2.81,0.47,0.0
2026-01-18,9.37,3.28,2.81,0.47,0.0
2026-01-19,10.77,4.22,3.75,0.47,0.0
2026-01-20,11.24,4.68,3.75,0.47,0.0
2026-01-21,11.24,4.68,3.75,0.47,0.0
2026-01-22,10.3,4.22,3.28,0.47,0.0
2026-01-23,9.37,4.22,3.28,0.47,0.0
2026-01-24,8.9,3.28,2.81,0.47,0.0
2026-01-25,9.84,3.75,3.28,0.47,0.0
2026-01-26,11.24,4.68,3.75,0.47,0.0
2026-01-27,10.3,4.22,3.28,0.47,0.0
2026-01-28,9.84,4.22,3.28,0.47,0.0
2026-01-29,13.58,6.09,4.68,0.47,0.0
2026-01-30,15.92,7.03,6.09,0.47,0.0
2026-01-31,17.8,7.49,6.56,0.47,0.0
2026-02-01,21.08,8.43,7.49,0.94,0.0
2026-02-02,21.08,8.43,7.49,0.47,0.0
2026-02-03,19.2,7.49,6.56,0.47,0.0
2026-02-04,18.73,7.03,7.03,0.47,0.0
2026-02-05,42.62,16.39,15.92,0.94,0.47
2026-02-06,46.83,16.86,17.8,0.94,0.0
2026-02-07,25.29,9.37,8.9,0.47,0.0
2026-02-08,19.67,7.03,7.03,0.94,0.0
2026-02-09,19.2,7.49,6.56,0.47,0.0
2026-02-10,18.73,6.09,6.09,0.47,0.0
2026-02-11,20.61,7.03,6.09,0.47,0.0
2026-02-12,19.2,6.56,6.56,0.47,0.0
2026-02-13,17.33,6.09,6.09,0.94,0.0
2026-02-14,14.05,4.68,4.22,0.94,0.0
2026-02-15,13.11,4.68,4.68,0.94,0.0
2026-02-16,14.05,5.15,4.68,0.94,0.0
2026-02-17,13.58,4.68,4.68,0.94,0.0
2026-02-18,12.65,4.68,4.68,0.94,0.0
2026-02-19,13.58,4.68,4.22,0.47,0.0
2026-02-20,13.11,4.68,4.22,0.47,0.0
2026-02-21,11.24,4.22,3.75,0.47,0.0
2026-02-22,10.3,3.75,3.28,0.47,0.0
2026-02-23,15.92,6.56,6.09,0.47,0.0
2026-02-24,16.39,6.09,5.62,0.47,0.0
2026-02-25,14.52,6.09,5.15,0.47,0.0
2026-02-26,14.05,5.15,4.22,0.94,0.0
2026-02-27,13.11,5.15,4.22,0.47,0.0
2026-02-28,16.39,7.03,5.62,0.47,0.0
2026-03-01,15.46,6.09,5.62,0.47,0.0
2026-03-02,17.33,6.56,6.09,0.47,0.0
2026-03-03,12.18,5.15,4.22,0.0,0.0
2026-03-04,14.05,6.09,4.68,0.0,0.0
2026-03-05,13.11,5.15,4.68,0.0,0.0
2026-03-06,12.18,4.68,4.22,0.0,0.0
2026-03-07,9.84,4.22,3.75,0.0,0.0
2026-03-08,10.3,4.22,3.28,0.0,0.0
2026-03-09,13.11,5.15,4.22,0.0,0.0
2026-03-10,11.24,4.68,3.75,0.0,0.0
2026-03-11,10.3,4.22,3.75,0.0,0.0
2026-03-12,9.84,3.75,3.28,0.0,0.0
2026-03-13,10.77,4.68,3.75,0.0,0.0
2026-03-14,8.9,3.28,2.81,0.0,0.0
2026-03-15,8.43,3.75,2.81,0.0,0.0
2026-03-16,11.24,4.68,3.75,0.0,0.0
2026-03-17,10.3,4.68,3.28,0.0,0.0
